,source_name
972228-1,Airstrip Clinic
688812-7,Mabeleapudi Clinic
513809-4,Mabele Health Post
407358-1,Mababe Health Post
147856-9,Maape Health Post
221102-7,Lotsane Senior School Clinic
732770-3,Lotsane Clinic 
702756-8,Lotlhakane West Clinic
795021-5,Lotlhakane East  Clinic
172824-5,Lorwana Clinic
377840-4,Lorolwane Health Post
974945-8,Loologane Health Post 
560691-8,Lokgwabe Health Post
438206-5,Letsholathebe II Memorial District Hospital
981309-8,Letsholathebe Health Post
206797-3,Letoreng Health Post
193195-5,Mabeleng Health Post
802273-3,Mabesekwa Health Post
170913-8,Mabolwe Health Post
870308-4,Mabudzane Health  Post
103328-1,Mahalapye District Hospital
608860-3,Magotlhwane Health Post
584792-6,Magoriapitse Health Post
728666-9,Magokotswane  Health Post
221119-1,Magapatona Clinic
811879-6,Mafitlhakgosi Clinic
218345-7,Mafhungo/Hubona
265991-0,Letlhakeng Clinic
518039-3,Mafhikana Clinic
219564-2,Madiba Senior Secondary School Clinic
719032-5,Madiba Health Post
867922-7,Machaneng Clinic 
791197-7,Mabutsane Clinic
334207-8,Letlhakane Clinic
162465-9,Mabuo Health Post
894895-2,Mabule Clinic
512171-0,Madisakwane Health Post
687486-1,Mahalapye Prisons Clinic
609192-0,Letlhakane Primary Hospital
773237-3,Lesoma Health Post
154328-9,Lecheng Clinic
453145-5,Lapologang Clinic
356568-6,Kweneng Health  Post
286718-2,Kwando BDF Health Post
466505-5,Kutamogoree Health Post
941893-0,Kumakwane Health Post
329309-9,Kuke Health Post
338699-2,Kudumatse Health Post
810131-3,Kubung Health Post
361071-4,Kubung 
845952-1,Kotolaname Health Post
236213-5,Kopong Clinic
146444-5,Komana Health Post
669638-9,Kolonkwaneng Health Post
273439-0,Kole Clinic
706329-0,Leetile Health Post
972813-0,Lefhoko Health Post
751937-4,Lehututu Health Post
219004-9,Lejwana Health Post
793680-0,Lesole Clinic
749268-9,Lesirane Clinic
943097-6,Lesilakgokong
361644-8,Leshibitse Health Post
481757-3,Lesetlhana Clinic
1078910-5,Lesenepole(Matolwane) Health Post
193948-7,Lerala Clinic
178647-4,Leporung Health Post
493151-5,Lephepe Clinic
409920-6,Lepashe Health Post
945939-7,Lenyanti BDF Health Post
391399-3,Lentsweletau Clinic
854774-7,Lentswelemoriti Health Post
933244-6,Lekgwapeng Health  Post
747272-3,Lekgolobotlo Health Post
811002-5,Lepokole Health Post
938343-1,Kokotsha Health Post
763910-7,Mahetlwe Health Post
431094-2,Mahotshwane Health Post
609449-4,Maun BDF Clinic
445141-5,Maubelo Health Post
832743-9,Matsitama Health Post
440145-1,Matshwane Clinic
243426-4,Matshelagabedi Clinic
991577-8,Matsaudi Health Post
510551-5,Matopi Health Post
308621-2,Matobo Health Post
172273-5,Matlhakola Health Post
262687-7,Matlhako Health Post
288910-3,Matlapana Health Post
356146-1,Mathathane Clinic
798235-8,Mathangwane Clinic 
495949-0,Matenge Health Post
178427-1,Matebele Health Post
539949-8,Maun Clinic
393559-0,Maun General Clinic
853367-1,Maun Prison Clinic
843198-3,Maunatlala Clinic
180732-0,Mmaphashalala Health Post
357664-2,Mmanoko Health Post
646833-4,Mmamokhasi Clinic
515196-4,Mmakgori Health Post
488869-9,Mmadinare Primary Hospital
885823-5,Mmadikola  Health Post
352619-1,Middlepits Clinic 
625958-4,Masunga Primary  Hospital
458120-3,Mhalapitsa Health Post
958721-3,Metsimaswaane
233523-0,Metsimantsho Health Post
331961-3,Metsibotlhoko Health Post
828861-5,Metlojane Health Post
227847-1,Metlobo Clinic
757774-5,Medie Health Post
201391-0,Mbalambi Health Post
388278-4,Metsimotlhabe Clinic
914848-7,Mahlaku Lekganyane Clinic
957417-9,Masunga Clinic
384465-1,Masingwaneng Health Post
889396-8,Malaka Health Post
785760-0,Makwate Health post
211721-6,Makuta Health Post
385056-7,Makunda Health Post
1019252-4,Makopong Clinic 
849220-9,Makgophana Health Post
349554-6,Make Health Post
282980-2,Makaleng Clinic
758776-9,Makalamabedi Clinic
490782-0,Makakung Health Post
653316-0,Makakatlela  Clinic
636538-1,Majwaneng Health Post
810456-4,Majwana-a-dipitse Health Post
713820-9,Majaalela Health Post
125795-5,Maitengwe Clinic
557244-1,Malatswai Health Post
1004633-2,Maleshe Health Post
121018-6,Malolwane  Clinic
724416-3,Malotwana Health Post
743567-0,Masego Clinic
842802-1,Marobela Health Post
765841-2,Marapong Clinic
784733-8,Maralaleng Health Post
522018-1,Maposa Health Post
388754-4,Mapoka Clinic
274913-3,Manyanda Health Post
360176-2,Masukwane Health Post
275295-4,Manyana Clinic
863362-0,Mantshwabisi Health Post
894684-0,Mankgodi Clinic
647844-0,Manga Clinic
176666-6,Mandunyane Health Post
263484-8,Manaledi Health Post
573363-9,Mambo Health Post
741948-4,Malwelwe Health Post
272084-5,Manxotai Health Post
117734-4,Kokong Clinic
912739-0,Kodibeleng Health Post
414241-0,Kisa Health Post
702688-3,Etsha 13 Clinic
405411-0,Etsha 1 Health Post
240358-2,Eretsha Health Post
595918-4,Ebrahim & Marriam Dada Clinic
431261-7,East Hanahai Health Post
961057-7,EU 7  Clinic
965513-5,Dzoroga Health Post
956424-6,Dutlwe Health Post
658384-3,Dukwi Clinic
893812-8,Draihoek Health Post
215930-9,Donga Clinic
936820-0,Ditshukudu Health  Post
952729-2,Ditshegwane Clinic
399845-7,Ditlharapa Health Post
301537-7,Disaneng Clinic
440231-9,Etsha 6 Clinic
809716-4,Extension 14 Clinic
256008-4,Extension 15  Clinic
671504-9,Extension II  Clinic
292794-5,Gasita Clinic
154674-6,Gantsi Senior School Clinic
998774-4,Gantsi Primary Hospital
390050-3,Gantsi Clinic
826832-8,Gamodubu Health Post
704753-3,Gambule Health Post
139849-4,Gakuto Health Post
561209-8,Disana Health Post
936040-5,Gakhibane Health Post
643270-2,Gaborone West Clinic
198876-5,Gaborone Central Clinic
261525-0,Gabane Health Post
517668-0,Gabane  Clinic 
507725-0,Foley Health Post
380553-8,F/town Prisons (Sickbay) Clinic
620832-6,Extention 3 Clinic
116397-1,Gakgatla Health Post
765941-0,Gathwane Health Post
520537-2,Dipotsana Health Post
818896-3,Dimajwe Health Post
218760-7,Broadhurst Traditional Area Clinic  
310115-1,Broadhurst III Clinic
371418-5,Broadhurst II Clinic
517133-5,Broadhurst I Clinic
171566-3,Botswelelo Clinic
256522-4,Botswana Police College
419499-9,Botshelo Clinic
198322-0,Botshabelo Clinic
457469-5,Botsalano Clinic
751658-6,Botlhapatlou Clinic
646788-0,Bothatogo Health Post
622014-9,Botalaote/Toteng Health Post
693957-3, Boswelakoko Clinic
176459-6,Boseja Clinic
169913-1,Boseja 2  Clinic
467438-8,Butale Health Post
335661-5,Chadibe Clinic
849574-9,Changate Health Post
1060319-9,Chanoga Health Post
306646-1,Diloro Health Post
223705-5,Dilolwe Clinic
375485-0,Dikwididi Health Post
143993-4,Dikhukhung Health Post
500663-0,Dikgonnye Health Post
221016-9,Digawana Clinic
356155-2,Dibete Health Post
708962-6,Diphuduhudu Health Post
194690-4,Diabo Health Post
264929-1,Damochujenaa Health Post
433538-6,Dagwi Health Post
325783-9,D'kar Health Post
950587-6,Cwagare Health Post
895295-4,Chukumuchu Health Post
933031-7,Chobokwane Health Post
298782-4,Charleshill Clinic
758579-7,Deborah Retief Memorial Hospital
249838-4,Ghani Health Post
34897-9,Glen Valley Clinic
866139-9,Gobojango Health Post
332865-5,Kediretswe Clinic 
474061-9,Kedia Health  Post
283972-8,Kazungula Health Post
189383-3,Kazungula BDF Health Post
807923-8,Kavimba Clinic 
290937-2,Kauxwi Health Post
516649-1,Kaudwane Health Post
503447-5,Kasane Prisons Health Post
833536-6,Kasane Health Post
789739-0,Kareng Clinic
481025-5,Karakubis Clinic
804526-2,Kanye Prison Health Post
406209-7,Kanngwe Health Post
490102-1,Kang Clinic
460350-2,Kalfontein Clinic
911481-0,Keng Health Post
496348-4,Kgari  Health  Post
155318-9,Kgatelopele/Block 8 Clinic
368151-7,Kgatleng Emergency Medical Services
429230-6,Khwee Health Post
418397-6,Khurutshe Health Post
451025-1,Khurumela Clinic 
556891-0,Khumaga  Health  Post
1018376-2,Khuis Health Post
977674-1,Khudumelapye Clinic
475203-6,Khonkhwa Health Post
932660-4,Kalakamati Health Post
326823-2,Khekhenye Health Post
390975-1,Khakhea Clinic
869718-7,Kgwatlheng Clinic
422403-6,Kgosing Clinic
628767-6,Kgoro Health Post
722327-4,Kgope Health Post
321664-5,Kgomokasitwa Health Post
439627-1,Kgomodiatshaba Health Post
358097-4,Khawa Health Post
239497-1,Kajaja Health Post
678455-7,Kagiso Clinic
415277-3,Kadimo Samson Clinic
646188-3,Habu Health Post
766569-8,Gweta Primary Hospital
199921-8,Gweta Clinic
908115-9,Gunutsoga Health Post
469135-8,Gungwe Health Post
218766-4,Gumare Clinic
846940-5,Gulubane Health Post
943273-3,Hatsalatladi Health Post
634422-0,Gudigwa Health Post
686152-0,Goshwe Health Post
297614-0,Gopong Health Post
123758-5,Gootau Health Post
473400-0,Goosekgweng Health Post
320845-1,Goodhope Primary Hospital
245426-2,Goodhope Clinic
703653-6,Gojwane Health Post
820551-0,Grootlagte Health Post
737491-1,Mmashoro Clinic
977671-7,Hebron Clinic 
582552-6,Hukuntsi Clinic
377230-8,Kachikau Clinic 
899084-8,Kacgae Health Post
918103-3,Julia Molefhe Clinic
814872-8,Jubilee Clinic
155922-8,Joseph Kavindama Hospital
576287-7,Joosub & Aysha Dada Clinic
524549-3,Jackalas 2 Health Post
730690-5,Hereford Clinic 
428747-0,Jackalas 1 Health  Post
770793-8,Itekeng (Area W) Clinic 
785994-5,Industrial Clinic
547193-3,Inalegolo Health Post
951847-3,Ikongwe Health Post
245847-9,Ikoga Health Post
356085-1,Hunhukwe Health Post
215428-4,Hukuntsi Primary Hospital
138941-0,Itholoke Health Post
142959-6,Boseja 1  Clinic
455460-6,Mmathethe Clinic
969643-6,Mmatseta Health Post
992675-9,Sorilatholo Health Post
786771-6,Somelo Health Post
712290-6,Sojwe Clinic
397733-7,Siviya Health  Post
618900-5,Sir Seretse Khama International Airport Clinic
528798-2,Siga Clinic
162118-4,Shoshong Senior Secondary School Clinic
617724-0,Shorobe Clinic
585584-6,Sheleketla Clinic
120761-2,Sheepfarm Health Post
792566-2,Shashe Station Health Post
977333-4,Shashe Mooke Health Post
947726-6,Shashe Health Post
297825-2,Shakwe Health Post
630327-5,Shakawe Senior Secondary School Clinic
766051-7,South East
244471-9,Sowa Clinic
848251-5,St Josephs Mission Clinic
806757-1,Struizendam Health Post
540164-1,Tloaneng Health Post
449269-0,Tlhareseleele Health Post
703810-2,Tlhalogang Health Post
437590-3,Tirelo Motseonageng Clinic
604111-5,Thito Health Post
470942-4,Thini Clinic
274686-5,Themashanga Clinic
257034-9,Shakawe Clinic
680155-9,Thebephatshwa AirBase
188465-9,Thamaga  Main Clinic
305620-7,Thabala Clinic
828915-9,Tawana Clinic
739058-6,Tatitown Clinic
834026-7,Tati Siding Clinic 
463123-0,Tapologong Clinic
484650-7,Takatokwane Clinic
300052-8,Thankane Health Post
991139-7,Tlokweng Main Clinic
267593-2,Shakawe BDF Clinic
396493-9,Sesung Health Post
357636-0,Sekoma Health Post
842218-0,Sekhutlhane Health Post
306812-9,Sekgoma Memorial Hospital
972576-3,Sekakangwe Clinic
632746-4,Sehithwa Clinic
300716-8,Seherelela Health Post
359075-9,Segwagwa Health Post
740183-9,Sefhophe Clinic 
288380-9,Sefhare Primary Hospital 
782149-9,Sedie Clinic
674502-0,Sedibeng Health Post
917324-6,Sechele Health Post
991896-2,Sebina Clinic
478977-2,Sebele Clinic
697341-6,Sebego Clinic
326771-3,Sekondomboro Health Post
214623-1,Selebi Phikwe Government Hospital
643382-5,Selibe Phikwe BDF Clinic
806153-3,Selokolela Health Post
360478-2,Sese Clinic
228068-3,Sesame Clinic
253506-0,Serule Clinic  
658555-8,Serowe Mens Prisons Clinic
597311-0,Serowe Clinic
542046-8,Seronga Clinic
407464-7,Serinane Health Post
799821-4,Shadishadi Health  Post
621771-5,Sepopa Clinic
210542-7,Seolwane Health Post
100051-2,Senyawe Health Post
294483-3,Senete Health Post
674820-6,Semolale Clinic
126097-5,Semitwe Health Post
838744-1,Semboyo Health Post
761470-4,Selolwane Health Post
370657-9,Sepako Health Post
785970-5,Satau Health Post 
878856-4,Tobane Health Post
827088-6,Tonota Clinic
620,Serowe DHMT Warehouse
619,Boteti DHMT Warehouse
618,Okavango DHMT Warehouse
617,Ngami DHMT Warehouse
616,Ghanzi DHMT Warehouse
615,Kgalagadi South DHMT Warehouse
614,Kgalagadi North DHMT Warehouse
613,Kweneng West DHMT Warehouse
612,Southern DHMT Warehouse
611,Good Hope DHMT Warehouse
610,Lobatse DHMT Warehouse
609,Kgatleng DHMT Warehouse
608,Central Medical Stores (CMS)
336494-0,Zwenshambe Health Post
927959-7,Zutshwa Health Post
621,Mahalapye DHMT Warehouse
622,Selebi-Phikwe DHMT Warehouse
623,Bobirwa DHMT Warehouse
624,Francistown DHMT Warehouse
634,Gumare Primary Hospital
633,Lobatse/Athlone District Hospital
632,Thamaga Primary Hospital
631,Molepolole Hospital
630,Sbrana Psychiatric Hospital
629,Palapye DHMT Warehouse
628,Kweneng East DHMT Warehouse
141574-4,Youth Friendly Services
627,Chobe DHMT Warehouse
626,North East DHMT Warehouse
625,Tutume DHMT Warehouse
210240-8,Tobela Clinic
933411-1,Xhumo Clinic
224970-4,Xanagas Health Post
165266-8,Tshimoyapula Health Post
757731-5,Tshimologo Clinic
965830-3,Tshidilamolomo Clinic 
550673-8,Tshesebe Clinic
758986-4,Tshane Health Post
687580-1,Tsetseng Health Post
461911-0,Tsetsebjwe Clinic
762953-8,Tsau Clinic
159292-2,Tsamaya Clinic
783299-1,Tsabong Unified Secondary School
163606-7,Tsabong Primary Hospital
395933-5,Tsabong Clinic 
994083-4,Toteng Health Post
328148-2,Toromoja  Health Post
921369-5,Topisi Health Post 
947346-3,Tshokwe Health Post
803266-6,Tshwaane Health Post
366872-0,Tshwaragano Clinic
484939-4,Xakao Clinic
553731-1,Woodhall Clinic
634692-8,West Hanahai Health Post
409516-2,Werda Clinic 
521057-0,Weighbridge Clinic
141441-6,Vaalhoek Health Post
189831-1,Xere Health  Post
120428-8,Ukhwi Health Post
148454-2,Tutume Primary Hospital 
97580-5,Tutume McConell Clinic
358673-2,Tubu Health Post
375908-1,Tswaanyaneng Health Post
844338-4,Tsopeng Clinic
902553-7,Tsonyane Health Post
180702-3,Tsokatshaa Health Post
79831-4,UB (Main Campus) Clinic
804642-7,Sankoyo Health Post
644488-9,Salajwe Clinic
982657-9,Sakutswane
802310-3,Moselebe Health Post
297961-5,Morwamosu Clinic
503641-3,Morwa  Clinic
899793-4,Moroka Clinic
781688-7,Moreomaoto Health Post
187595-4,Moreomabele Health Post
192441-4,Moremi Health Post
304722-2,Morama Clinic
332304-5,Moralane Heath Post
326326-6,Mopipi Clinic 
428165-5,Mookane Clinic
375911-5,Monwane Health Post
829710-3,Monong Health Post
229763-8,Molepolole Prison
325329-1,Molepolole Council Clinic
822378-6,Mosetse Health Post
840134-1,Moshana Health Post
410982-3,Moshaweng Clinic
613622-0,Moshopha Health Post 
908500-2,Ncaang Health Post
557750-7,Natale Health Post
399472-0,Nata Clinic
585979-8,Mulambakwena Health Post
796866-2,Mowana Health Post
456973-7,Motswedi Clinic
624090-7,Molepolole College of Education
907515-1,Motsentshe Health Post
717471-7,Mothamo CJSS Clinic
317664-1,Mosu Health Post
359199-7,Mosolotshane Health Post
478872-5,Mosojane Health Post
189482-3,Mosi Health Post
808218-2,Moshupa Health Post
561274-2,Moshupa Council Clinic
490856-2,Motopi Clinic
678593-5,Ncojane Clinic
303962-5,Molefi Senior Secondary School Clinic
891412-9,Mokungwane Health Post
373679-0,Mogoditshane Clinic
350353-9,Mogobane Health Post
889476-8,Mogobane Clinic
697110-5,Moeti Clinic
793318-7,Moeng  College Health Post
371326-0,Modipane Health Post
477648-0,Modikwane Health Post (Serowe)
456996-8,Mochudi Prisons Sick Bay Health Post
521011-7,Mochudi 2  Clinic
118883-8,Mochudi 1  Clinic
271111-7,Mmutlane Health Post
571710-3,Mmopane  Health Post
933228-9,Mmokolodi Clinic
454413-6,Mmea Health Post 
823556-6,Mmatshumo Clinic
348593-5,Mogojogojo Health Post
599426-4,Mogome Health Post
188683-7,Mogonono Health Post
965687-7,Mogonye Health Post
682954-3,Mokubilo  Health  Post
657606-0,Mokowana /Mosweu Health Post
659894-0,Mokoswane Health Post
325792-0,Mokoboxane Health  Post
160838-9,Mokobeng Health Post
953200-3,Moko Clinic
420871-6,Mokhomma Health Post
908419-5,Molalatau Health Post
199216-3,Mokgware Health Post
381272-4,Mokgomane Health Post
996429-7,Mokgenene Health Post
965601-8,Mokatako Health Post
299591-8,Moiyabana Clinic
816069-9,Mohembo/Nxomokao Health Post
209107-2,Mogotlho Health Post
523178-2,Mogorosi Health Post
456797-0,Mokgoro Clinic
618772-8,New Xade Clinic
989336-3,New Xanagas/Tsawe Health Post
732845-3,Newtown Clinic
881345-3,Qabo Health Post
787178-3,Prisons Clinic
167771-5,Prison Health Post
950899-5,Princess Marina Hospital
547563-7,Poloka Health Post
602553-0,Pole Health Post
947960-1,Plateau Clinic
253548-2,Pitseng Clinic
432283-0,Pitsane Clinic
806776-1,Pilikwe Clinic
119826-6,Pilane Health Post
442946-0,Phuthadikobo Clinic
478048-2,Phuduhudu Health Post
237583-0,Phitshane Potlokwe Health Post
410981-5,Qangwa Clinic
741052-5,Radisele Clinic
244463-6,Rakhuna Health Post
886790-5,Rakops Health Post
153050-0,SSKB (Mogoditshane BDF) Clinic
169155-9,SHAA\Bosele Health Post
825473-2,Russel May Clinic
691806-4,Rungwana
760197-4,Robelela Health Post
305466-5,Ratholo Health Post
757017-9,Rasesa  Clinic
237250-6,Phitshane Molopo Clinic
465070-1,Rappelspan Health Post
199894-7,Ramotswa Station/ Taung Clinic
276326-6,Ramotlabaki Health Post
362146-3,Ramokgwebana Clinic
609667-1,Ramokgonami Clinic
975887-1,Ramatlabama Clinic
586770-0,Ralekgetho Health Post
473132-9,Rakops Primary Hospital
982082-0,Ranaka Clinic
676905-3,Phihetswane Health Post
411806-3,Phase 2 Clinic
134033-0,Phaphane  Clinic
379558-0,Nxaunxau Health Post
146770-3,Nxamasere Health Post
533191-3,Nutrition Clinic
433002-3,Ntshe Clinic
171223-1,Ntlhantlhe Clinic
404224-8,Nswazi Clinic
803159-3,Nshakashogwe Health Post
431904-2,Nyangabgwe Hospital
245929-5,Nokaneng Clinic
921292-9,Nkoyaphiri Clinic
832575-5,Nkange Clinic
257736-9,Nkaikela Health Post
910036-3,Ngwatle Health Post
535023-6,Ngware Clinic
134420-9,Ngwapa Health Post
554994-4,Ngarange Health Post
348737-8,Nlaphkwane Clinic
858271-0,Mmathubudukwane  Clinic
870919-8,Old Naledi Clinic
635660-4,Oliphant's Drift  Clinic
562246-9,Peleng Central Clinic
709838-7,Parakarungu Clinic 
250219-3,Papatlo Health Post
472023-1,Pandamatenga Clinic
287528-4,Pandamatenga BDF Clinic
237486-6,Pallaroad Health Post
447878-0,Old Sekgoma Clinic
287388-3,Palapye Primary Hospital
835707-1,Paje BDF Health Post
832969-0,POHA BDF Health Post
900214-8,Otse Health Post
568461-8,Otse Clinic
868940-8,Oodi  Clinic
451455-0,Omaweneno Health Post
477889-0,Paje Health Post
544933-5,Borotsi Clinic
635,Kasane Primary Hospital
553760-0,Boipelego Clinic
448812-8,Bodungwane Health Post
602729-6,BMC Clinic (factory)
870867-9,Boatlaname Health Post
782241-4,Borakalalo Clinic
227526-1,Beetsha Clinic
419322-3,BAC Clinic
755538-6,Bobonong Primary Hospital
608423-0,Bodibeng Health Post
787329-2,Boikhutso Clinic
827227-0,Bogogobo Health Post
348819-4,Bere Health Post
940107-6,Bonwapitse Health Post
889361-2,Bokaa Clinic
228800-9,Bokaa  Clinic
611993-7,Area S Health Post
153397-5,Artesia Clinic
713823-3,Area L Health Post
755644-2,Baitiredi Clinic
190567-8,Bontleng Clinic
